"category","region","total_sales","total_profit"
"Technology","East","264974.04","47462.12"
"Furniture","West","252612.87","11504.92"
"Technology","West","251991.86","44303.98"
"Office Supplies","West","220853.20","52609.89"
"Furniture","East","208291.17","3046.20"
"Office Supplies","East","205516.15","41014.52"
"Technology","Central","170416.29","33697.60"
"Office Supplies","Central","167026.33","8879.95"
"Furniture","Central","163797.26","-2871.10"
"Technology","South","148771.91","19991.96"
"Office Supplies","South","125651.31","19986.52"
"Furniture","South","117298.68","6771.23"
